ACCESSIBILITY.GOV, X-Generator: Drupal 7 (https://www.drupal.org)
ACUS.GOV, X-Generator: Drupal 7 (https://www.drupal.org)
AIDS.GOV, x-generator: Drupal 7 (http://drupal.org)
ATF.GOV, x-generator: Drupal 7 (http://drupal.org)
ATVSAFETY.GOV, x-generator: Drupal 7 (https://www.drupal.org)
BIA.GOV, X-Generator: Drupal 7 (http://drupal.org)
BSEE.GOV, X-Generator: Drupal 7 (http://drupal.org)
BUYACCESSIBLE.GOV, x-generator: Drupal 7 (https://www.drupal.org)
CAMPUSDRUGPREVENTION.GOV, x-generator: Drupal 7 (https://www.drupal.org)
CHCOC.GOV, X-Generator: Drupal 7 (http://drupal.org)
CPSC.GOV, X-Generator: Drupal 7 (https://www.drupal.org)
CYBERCRIME.GOV, x-generator: Drupal 7 (http://drupal.org)
DHHS.GOV, x-generator: Drupal 7 (http://drupal.org)
DIGITALDASHBOARD.GOV, X-Generator: Drupal 7 (http://drupal.org)
DISTRACTEDDRIVING.GOV, x-generator: Drupal 7 (http://drupal.org)
DOIOIG.GOV, X-Generator: Drupal 7 (http://drupal.org)
DRYWALLRESPONSE.GOV, x-generator: Drupal 7 (https://www.drupal.org)
ED.GOV, X-Generator: Drupal 7 (http://drupal.org)
EISENHOWERMEMORIAL.GOV, X-Generator: Drupal 7 (http://drupal.org)
ELDERJUSTICE.GOV, x-generator: Drupal 7 (http://drupal.org)
EPA.GOV, x-generator: Drupal 7 (http://drupal.org)
EXIM.GOV, X-Generator: Drupal 7 (http://drupal.org)
FDICIG.GOV, X-Generator: Drupal 7 (https://www.drupal.org)
FDICOIG.GOV, X-Generator: Drupal 7 (https://www.drupal.org)
FEDIDCARD.GOV, X-Generator: Drupal 7 (http://drupal.org)
FLRA.GOV, X-Generator: Drupal 7 (http://drupal.org)
FMSHRC.GOV, X-Generator: Drupal 7 (http://drupal.org)
GCMRC.GOV, x-generator: Drupal 7 (http://drupal.org)
GETSMARTABOUTDRUGS.GOV, x-generator: Drupal 7 (http://drupal.org)
GLOBALCHANGE.GOV, x-generator: Drupal 7 (http://drupal.org)
GSAIG.GOV, X-Generator: Drupal 7 (http://drupal.org)
HHS.GOV, x-generator: Drupal 7 (http://drupal.org)
HIV.GOV, x-generator: Drupal 7 (http://drupal.org)
HRSA.GOV, x-generator: Drupal 7 (https://www.drupal.org)
IDEALAB.GOV, x-generator: Drupal 7 (http://drupal.org)
INDIANAFFAIRS.GOV, X-Generator: Drupal 7 (http://drupal.org)
INTERPOL.GOV, x-generator: Drupal 7 (http://drupal.org)
INVASIVESPECIESINFO.GOV, X-Generator: Drupal 7 (https://www.drupal.org)
ITAP.GOV, X-Generator: Drupal 7 (http://drupal.org)
JUSTICE.GOV, x-generator: Drupal 7 (http://drupal.org)
JUSTTHINKTWICE.GOV, x-generator: Drupal 7 (https://www.drupal.org)
LANDIMAGING.GOV, x-generator: Drupal 7 (http://drupal.org)
LEARNDOJ.GOV, x-generator: Drupal 7 (http://drupal.org)
LMVSCI.GOV, x-generator: Drupal 7 (http://drupal.org)
LSC.GOV, X-Generator: Drupal 7 (http://drupal.org)
NAFRI.GOV, X-Generator: Drupal 7 (http://drupal.org)
NHTSA.GOV, x-generator: Drupal 7 (http://drupal.org)
NICIC.GOV, X-Generator: Drupal 7 (http://drupal.org) + aGov (http://agov.com.au)
NIH.GOV, X-Generator: Drupal 7 (http://drupal.org)
NNLM.GOV, X-Generator: Drupal 7 (http://drupal.org)
NOAA.GOV, x-generator: Drupal 7 (http://drupal.org)
NSEP.GOV, X-Generator: Drupal 7 (http://drupal.org)
NTIA.GOV, X-Generator: Drupal 7 (http://drupal.org)
OPPORTUNITYZONES.GOV, X-Generator: Drupal 7 (http://drupal.org)
PBGC.GOV, x-generator: Drupal 7 (https://www.drupal.org)
PROJECTSAFECHILDHOOD.GOV, x-generator: Drupal 7 (http://drupal.org)
PROJECTSAFENEIGHBORHOODS.GOV, x-generator: Drupal 7 (http://drupal.org)
RESTORETHEGULF.GOV, X-Generator: Drupal 7 (http://drupal.org)
SCRA.GOV, x-generator: Drupal 7 (http://drupal.org)
SECTION508.GOV, X-Generator: Drupal 7 (https://www.drupal.org)
SEGURIDADCONSUMIDOR.GOV, x-generator: Drupal 7 (https://www.drupal.org)
SNS.GOV, X-Generator: Drupal 7 (http://drupal.org)
SPACEWEATHER.GOV, x-generator: Drupal 7 (http://drupal.org)
SPECTRUM.GOV, X-Generator: Drupal 7 (http://drupal.org)
TRIBALJUSTICEANDSAFETY.GOV, x-generator: Drupal 7 (http://drupal.org)
TRUMAN.GOV, x-generator: Drupal 7 (http://drupal.org)
USDOJ.GOV, x-generator: Drupal 7 (http://drupal.org)
USERRA.GOV, x-generator: Drupal 7 (http://drupal.org)
USGCRP.GOV, x-generator: Drupal 7 (http://drupal.org)
USGS.GOV, x-generator: Drupal 7 (http://drupal.org)
VISTACAMPUS.GOV, x-generator: Drupal 7 (https://www.drupal.org)
VOLUNTEERINGINAMERICA.GOV, x-generator: Drupal 7 (https://www.drupal.org)
WOMENSHEALTH.GOV, x-generator: Drupal 7 (https://www.drupal.org)
YOUTH.GOV, X-Generator: Drupal 7 (http://drupal.org)
