Domain, Generator
18F.GOV, Unknown
2020CENSUS.GOV, Unknown
400YAAHC.GOV, Unknown
9-11COMMISSION.GOV, Unknown
911.GOV, Unknown
911COMMISSION.GOV, Unknown
ABANDONEDMINES.GOV, X-Generator: Drupal 8 (https://www.drupal.org)
ABILITYONE.GOV, Unknown
ABMC.GOV, X-Generator: Drupal 8 (https://www.drupal.org)
ABMCSCHOLAR.GOV, Unknown
ACCESS-BOARD.GOV, Unknown
ACCESSIBILITY.GOV, X-Generator: Drupal 7 (https://www.drupal.org)
ACF.GOV, Unknown
ACHP.GOV, x-generator: Drupal 8 (https://www.drupal.org)
ACL.GOV, x-generator: Drupal 8 (https://www.drupal.org)
ACQUISITION.GOV, Unknown
ACUS.GOV, X-Generator: Drupal 7 (https://www.drupal.org)
ACWI.GOV, Unknown
ADA.GOV, Unknown
ADF.GOV, Unknown
ADLNET.GOV, Unknown
ADR.GOV, Unknown
AFADVANTAGE.GOV, Unknown
AFF.GOV, Unknown
AFRH.GOV, Unknown
AFTAC.GOV, Unknown
AFTERSCHOOL.GOV, Unknown
AG.GOV, Unknown
AGING.GOV, x-generator: Drupal 8 (https://www.drupal.org)
AGINGSTATS.GOV, Unknown
AHCPR.GOV, x-generator: Drupal 8 (https://www.drupal.org)
AHRQ.GOV, x-generator: Drupal 8 (https://www.drupal.org)
AI.GOV, Unknown
AIDS.GOV, x-generator: Drupal 7 (http://drupal.org)
AIRNOW.GOV, Unknown
ALASKACENTERS.GOV, X-Generator: Drupal 8 (https://www.drupal.org)
ALERTAENLINEA.GOV, Unknown
ALTUSANDC.GOV, Unknown
ALZHEIMERS.GOV, Unknown
AMA.GOV, Unknown
AMBERALERT.GOV, x-generator: Drupal 8 (https://www.drupal.org)
x-generator: Drupal 8 (https://www.drupal.org)
AMERICA.GOV, Unknown
AMERICATHEBEAUTIFULQUARTERS.GOV, Unknown
AMERICORPS.GOV, X-Generator: Drupal 8 (https://www.drupal.org)
AMESLAB.GOV, Unknown
AMTRAKOIG.GOV, x-generator: Drupal 8 (https://www.drupal.org)
ANCHORIT.GOV, Unknown
ANL.GOV, Unknown
ANSTASKFORCE.GOV, Unknown
AOA.GOV, x-generator: Drupal 8 (https://www.drupal.org)
AP.GOV, Unknown
APPLICATIONMANAGER.GOV, Unknown
APPRENTICESHIP.GOV, Unknown
APPRENTICESHIPS.GOV, Unknown
ARC.GOV, Unknown
ARCHIVES.GOV, Unknown
ARCTIC.GOV, Unknown
ARM.GOV, Unknown
ARS-GRIN.GOV, Unknown
ARSUSDA.GOV, Unknown
ARTS.GOV, x-generator: Drupal 8 (https://www.drupal.org)
ASAP.GOV, Unknown
ASC.GOV, Unknown
ATA.GOV, Unknown
ATF.GOV, x-generator: Drupal 7 (http://drupal.org)
ATFONLINE.GOV, Unknown
ATVSAFETY.GOV, x-generator: Drupal 7 (https://www.drupal.org)
AVIATIONWEATHER.GOV, Unknown
AYUDACONMIBANCO.GOV, Unknown
BAM.GOV, Unknown
BANKANSWERS.GOV, Unknown
BANKCUSTOMER.GOV, Unknown
BANKCUSTOMERASSISTANCE.GOV, Unknown
BANKHELP.GOV, Unknown
BANKNET.GOV, Unknown
BATS.GOV, Unknown
BBG.GOV, Unknown
BCFP.GOV, Unknown
BEA.GOV, x-generator: Drupal 8 (https://www.drupal.org)
BEBEST.GOV, Unknown
BENEFITS.GOV, Unknown
BEP.GOV, Unknown
BETOBACCOFREE.GOV, x-generator: Drupal 8 (https://www.drupal.org)
BFEM.GOV, Unknown
BIA.GOV, X-Generator: Drupal 7 (http://drupal.org)
BIOETHICS.GOV, Unknown
BIOMASSBOARD.GOV, X-Generator: Drupal 8 (https://www.drupal.org)
BIOMETRICCOE.GOV, Unknown
BIOMETRICS.GOV, Unknown
BIOPREFERRED.GOV, Unknown
BJA.GOV, x-generator: Drupal 8 (https://www.drupal.org)
x-generator: Drupal 8 (https://www.drupal.org)
BJS.GOV, Unknown
BLDRDOC.GOV, Unknown
BLM.GOV, X-Generator: Drupal 8 (https://www.drupal.org)
BLS.GOV, Unknown
BNL.GOV, Unknown
BOEM.GOV, X-Generator: Drupal 8 (https://www.drupal.org)
BOEMRE.GOV, Unknown
BONDPRO.GOV, Unknown
BOP.GOV, Unknown
BOR.GOV, Unknown
BOSQUE.GOV, Unknown
BPA.GOV, Unknown
BRAINHEALTH.GOV, x-generator: Drupal 8 (https://www.drupal.org)
BROADBAND.GOV, Unknown
BSEE.GOV, X-Generator: Drupal 7 (http://drupal.org)
BTFA.GOV, Unknown
BTS.GOV, Unknown
BUDGET.GOV, Unknown
BUDGETLOB.GOV, Unknown
BUILDBACKBETTER.GOV, Unknown
BUILDINGAMERICA.GOV, x-generator: Drupal 8 (https://www.drupal.org)
BUSH41LIBRARY.GOV, Unknown
BUSINESS.GOV, Unknown
BUSINESSDEFENSE.GOV, Unknown
BUSINESSUSA.GOV, Unknown
BUYACCESSIBLE.GOV, x-generator: Drupal 7 (https://www.drupal.org)
BUYAMERICAN.GOV, Unknown
BUYUSA.GOV, Unknown
CAMPUSDRUGPREVENTION.GOV, x-generator: Drupal 7 (https://www.drupal.org)
CANCER.GOV, x-generator: Drupal 8 (https://www.drupal.org)
CAO.GOV, Unknown
CAP.GOV, Unknown
CAPNHQ.GOV, Unknown
CASL.GOV, Unknown
CBCA.GOV, Unknown
CBI-EPA.GOV, Unknown
CBP.GOV, Unknown
CCAC.GOV, Unknown
CDC.GOV, Unknown
CDCPARTNERS.GOV, Unknown
CDFIFUND.GOV, x-generator: Drupal 8 (https://www.drupal.org)
CE-NCSC.GOV, Unknown
CEBAF.GOV, Unknown
CENDI.GOV, Unknown
CENSUS.GOV, Unknown
CEP.GOV, Unknown
CEREBROSANO.GOV, x-generator: Drupal 8 (https://www.drupal.org)
CFA.GOV, X-Generator: Drupal 8 (https://www.drupal.org)
CFO.GOV, Unknown
CFPA.GOV, Unknown
CFPB.GOV, Unknown
CFTC.GOV, x-generator: Drupal 8 (https://www.drupal.org)
CHALLENGE.GOV, Unknown
CHANGEOFADDRESS.GOV, Unknown
CHCOC.GOV, X-Generator: Drupal 7 (http://drupal.org)
CHILDCARE.GOV, Unknown
CHILDRENINADVERSITY.GOV, Unknown
CHILDSTATS.GOV, Unknown
CHILDWELFARE.GOV, Unknown
CHOOSEMYPLATE.GOV, Unknown
CIA.GOV, Unknown
CIGIE.GOV, Unknown
CIO.GOV, Unknown
CISA.GOV, x-generator: Drupal 8 (https://www.drupal.org)
CITIZENSCIENCE.GOV, Unknown
CIVILRIGHTSUSA.GOV, Unknown
CJIS.GOV, Unknown
CLIMATE.GOV, Unknown
CLINICALTRIAL.GOV, Unknown
CLINICALTRIALS.GOV, Unknown
CLINTONLIBRARY.GOV, Unknown
CLOUD.GOV, Unknown
CMS.GOV, X-Generator: Drupal 8 (https://www.drupal.org)
CMTS.GOV, Unknown
CNCS.GOV, Unknown
CNCSOIG.GOV, x-generator: Drupal 8 (https://www.drupal.org)
x-generator: Drupal 8 (https://www.drupal.org)
CNS.GOV, Unknown
CNSS.GOV, Unknown
CODE.GOV, Unknown
COLLEGEDRINKINGPREVENTION.GOV, Unknown
COLLEGENAVIGATOR.GOV, Unknown
COMMERCE.GOV, Unknown
COMPLAINTREFERRALEXPRESS.GOV, Unknown
COMPTROLLEROFTHECURRENCY.GOV, Unknown
COMPUTERSFORLEARNING.GOV, Unknown
CONSUMER.GOV, Unknown
CONSUMERACTION.GOV, Unknown
CONSUMERBUREAU.GOV, Unknown
CONSUMERFINANCE.GOV, Unknown
CONSUMERFINANCIAL.GOV, Unknown
CONSUMERFINANCIALBUREAU.GOV, Unknown
CONSUMERFINANCIALPROTECTIONBUREAU.GOV, Unknown
CONSUMERPROTECTION.GOV, Unknown
CONSUMERPROTECTIONBUREAU.GOV, Unknown
CONSUMERSENTINEL.GOV, Unknown
CONSUMERSENTINELNETWORK.GOV, Unknown
CONSUMIDOR.GOV, Unknown
CONTRACTDIRECTORY.GOV, Unknown
CORALREEF.GOV, Unknown
CORONAVIRUS.GOV, Unknown
CORONAVIRUSTESTING.GOV, Unknown
CPARS.GOV, Unknown
CPNIREPORTING.GOV, Unknown
CPSC.GOV, X-Generator: Drupal 7 (https://www.drupal.org)
CRIMESOLUTIONS.GOV, x-generator: Drupal 8 (https://www.drupal.org)
x-generator: Drupal 8 (https://www.drupal.org)
CRIMEVICTIMS.GOV, x-generator: Drupal 8 (https://www.drupal.org)
x-generator: Drupal 8 (https://www.drupal.org)
CRISISNEXTDOOR.GOV, Unknown
CSB.GOV, Unknown
CSOSA.FED.US, Unknown
CSOSA.GOV, Unknown
CTOC.GOV, Unknown
CTTSO.GOV, Unknown
CUIDADODESALUD.GOV, Unknown
CUPCAO.GOV, Unknown
CWC.GOV, Unknown
CYBER.GOV, x-generator: Drupal 8 (https://www.drupal.org)
CYBERCAREERS.GOV, Unknown
CYBERCRIME.GOV, x-generator: Drupal 7 (http://drupal.org)
CYBERSECURITY.GOV, x-generator: Drupal 8 (https://www.drupal.org)
DATA.GOV, Unknown
DC3ON.GOV, Unknown
DEA.GOV, x-generator: Drupal 8 (https://www.drupal.org)
DEAECOM.GOV, Unknown
DEFENSE.GOV, Unknown
DENALI.GOV, Unknown
DEVTESTFAN1.GOV, Unknown
DF.GOV, Unknown
DFAFACTS.GOV, Unknown
DFC.GOV, x-generator: Drupal 8 (https://www.drupal.org)
DHHS.GOV, x-generator: Drupal 7 (http://drupal.org)
DHS.GOV, Unknown
DIABETESCOMMITTEE.GOV, Unknown
DIETARYGUIDELINES.GOV, X-Generator: Drupal 8 (https://www.drupal.org)
DIGITAL.GOV, Unknown
DIGITALDASHBOARD.GOV, X-Generator: Drupal 7 (http://drupal.org)
DIGITALGOV.GOV, Unknown
DIRECTOASUCUENTA.GOV, Unknown
DISABILITY.GOV, Unknown
DISASTERASSISTANCE.GOV, X-Generator: Drupal 9 (https://www.drupal.org)
DISASTERHOUSING.GOV, Unknown
DISTRACTEDDRIVING.GOV, x-generator: Drupal 7 (http://drupal.org)
DISTRACTION.GOV, Unknown
DNFSB.GOV, Unknown
DNI.GOV, Unknown
DNSOPS.GOV, Unknown
DOC.GOV, Unknown
DOCLINE.GOV, Unknown
DOE.GOV, Unknown
DOEAL.GOV, Unknown
DOI.GOV, Unknown
DOIOIG.GOV, X-Generator: Drupal 7 (http://drupal.org)
DOJ.GOV, Unknown
DOL-ESA.GOV, Unknown
DOL.GOV, Unknown
DOLETA.GOV, Unknown
DONACIONDEORGANOS.GOV, X-Generator: Drupal 8 (https://www.drupal.org)
DONOTCALL.GOV, Unknown
DONTSERVETEENS.GOV, Unknown
DOT.GOV, x-generator: Drupal 8 (https://www.drupal.org)
DOTGOV.GOV, Unknown
DOTIDEAHUB.GOV, Unknown
DOTTRAFFICRECORDS.GOV, Unknown
DRA.GOV, Unknown
DROUGHT.GOV, Unknown
DRUGABUSE.GOV, X-Generator: Drupal 8 (https://www.drupal.org)
DRYWALLRESPONSE.GOV, x-generator: Drupal 7 (https://www.drupal.org)
DSAC.GOV, Unknown
DTV.GOV, Unknown
E-ENTERPRISE.GOV, Unknown
E-QIP.GOV, Unknown
E-VERIFY.GOV, x-generator: Drupal 8 (https://www.drupal.org)
EAC.GOV, X-Generator: Drupal 8 (https://www.drupal.org)
x-generator: Drupal 8 (https://www.drupal.org)
EAGLECASH.GOV, Unknown
EARMARKS.GOV, Unknown
EARTHQUAKE.GOV, Unknown
EARTHSYSTEMPREDICTION.GOV, Unknown
ECFC.GOV, Unknown
ECONOMICINCLUSION.GOV, Unknown
ECONSUMER.GOV, Unknown
ECPIC.GOV, Unknown
ECR.GOV, Unknown
ED.GOV, X-Generator: Drupal 7 (http://drupal.org)
EDA.GOV, Unknown
EDISON.GOV, Unknown
EEOC.GOV, x-generator: Drupal 9 (https://www.drupal.org)
EFTPS.GOV, Unknown
EHR.GOV, Unknown
EIA.GOV, Unknown
EISENHOWERLIBRARY.GOV, Unknown
EISENHOWERMEMORIAL.GOV, X-Generator: Drupal 7 (http://drupal.org)
ELDERCARE.GOV, Unknown
ELDERJUSTICE.GOV, x-generator: Drupal 7 (http://drupal.org)
EMERGENCY-FEDERAL-REGISTER.GOV, Unknown
EMPLOYEEEXPRESS.GOV, Unknown
EMPLOYER.GOV, Unknown
EMPOWHR.GOV, Unknown
EMS.GOV, Unknown
ENDINGTHEDOCUMENTGAME.GOV, Unknown
ENERGY.GOV, x-generator: Drupal 8 (https://www.drupal.org)
ENERGYCODES.GOV, Unknown
ENERGYSAVER.GOV, Unknown
ENERGYSAVERS.GOV, Unknown
ENERGYSTAR.GOV, Unknown
EOP.GOV, Unknown
EPA.GOV, x-generator: Drupal 7 (http://drupal.org)
EPIC.GOV, x-generator: Drupal 8 (https://www.drupal.org)
ERDC.GOV, Unknown
ERPO.GOV, Unknown
ESC.GOV, Unknown
ESRS.GOV, Unknown
ETA-FIND.GOV, Unknown
ETHICSBURG.GOV, Unknown
EVERGLADESRESTORATION.GOV, Unknown
EVERIFY.GOV, x-generator: Drupal 8 (https://www.drupal.org)
EVERYKIDINAPARK.GOV, Unknown
EVERYKIDOUTDOORS.GOV, Unknown
EVERYTRYCOUNTS.GOV, Unknown
EVUS.GOV, Unknown
EXECSEC.GOV, Unknown
EXIM.GOV, X-Generator: Drupal 7 (http://drupal.org)
EXPLORETSP.GOV, Unknown
EXPORT.GOV, x-generator: Drupal 8 (https://www.drupal.org)
EYENOTE.GOV, Unknown
FAA.GOV, Unknown
FAASAFETY.GOV, Unknown
FACA.GOV, Unknown
FACADATABASE.GOV, Unknown
FAFSA.GOV, Unknown
FAI.GOV, Unknown
FAMEP.GOV, Unknown
FAN.GOV, Unknown
FAPIIS.GOV, Unknown
FARA.GOV, Unknown
FARMERS.GOV, Unknown
FATHERHOOD.GOV, x-generator: Drupal 8 (https://www.drupal.org)
FBF.GOV, Unknown
FBI.GOV, Unknown
FBIIC.GOV, Unknown
FBIJOBS.GOV, X-Generator: Drupal 9 (https://www.drupal.org)
FBO.GOV, Unknown
FCA.GOV, Unknown
FCC.GOV, Unknown
FCG.GOV, Unknown
FCIC.GOV, Unknown
FCSIC.GOV, Unknown
FDA.GOV, Unknown
FDIC.GOV, Unknown
FDICCONNECT.GOV, Unknown
FDICIG.GOV, X-Generator: Drupal 7 (https://www.drupal.org)
FDICOIG.GOV, X-Generator: Drupal 7 (https://www.drupal.org)
FDICSEGURO.GOV, Unknown
FDMS.GOV, Unknown
FEA.GOV, Unknown
FEB.GOV, Unknown
FEC.GOV, Unknown
FED.US, Unknown
FEDBIZOPPS.GOV, Unknown
FEDCENTER.GOV, Unknown
FEDERALINVESTMENTS.GOV, Unknown
FEDERALJOBS.GOV, Unknown
FEDERALRESERVE.GOV, Unknown
FEDERALRESERVECONSUMERHELP.GOV, Unknown
FEDERALSPENDING.GOV, Unknown
FEDIDCARD.GOV, X-Generator: Drupal 7 (http://drupal.org)
FEDINFO.GOV, Unknown
FEDINVEST.GOV, Unknown
FEDJOBS.GOV, Unknown
FEDPARTNERSHIP.GOV, Unknown
FEDRAMP.GOV, Unknown
FEDROOMS.GOV, Unknown
FEDSHIREVETS.GOV, Unknown
FEEDTHEFUTURE.GOV, Unknown
FEGLI.GOV, Unknown
FEMA.GOV, x-generator: Drupal 8 (https://www.drupal.org)
FERC.GOV, Unknown
FERCALT.GOV, Unknown
FFB.GOV, Unknown
FFIEC.GOV, Unknown
FGDC.GOV, Unknown
FHA.GOV, Unknown
FHFA.GOV, Unknown
FHFAOIG.GOV, X-Generator: Drupal 8 (https://www.drupal.org)
FINANCIALRESEARCH.GOV, Unknown
FINANCIALSTABILITY.GOV, Unknown
FINCEN.GOV, X-Generator: Drupal 8 (https://www.drupal.org)
FINDTREATMENT.GOV, Unknown
FIRECODE.GOV, Unknown
FIRELEADERSHIP.GOV, Unknown
FIRENET.GOV, Unknown
FIRESCIENCE.GOV, Unknown
FIRSTFREEDOM.GOV, Unknown
FIRSTGOV.GOV, Unknown
FIRSTNET.GOV, Unknown
FIRSTRESPONDER.GOV, Unknown
FIRSTRESPONDERTRAINING.GOV, Unknown
FISHWATCH.GOV, Unknown
FITNESS.GOV, x-generator: Drupal 8 (https://www.drupal.org)
FLETA.GOV, x-generator: Drupal 8 (https://www.drupal.org)
FLETC.GOV, x-generator: Drupal 8 (https://www.drupal.org)
FLIGHTSCHOOLCANDIDATES.GOV, Unknown
FLOODSMART.GOV, Unknown
FLRA.GOV, X-Generator: Drupal 7 (http://drupal.org)
FLU.GOV, Unknown
FLYHEALTHY.GOV, x-generator: Drupal 8 (https://www.drupal.org)
FMC.GOV, Unknown
FMCS.GOV, Unknown
FMI.GOV, Unknown
FMSHRC.GOV, X-Generator: Drupal 7 (http://drupal.org)
FNAL.GOV, Unknown
FOIA.GOV, Unknown
FOIAONLINE.GOV, Unknown
FOODSAFETY.GOV, x-generator: Drupal 8 (https://www.drupal.org)
FORDLIBRARYMUSEUM.GOV, Unknown
FOREIGNASSISTANCE.GOV, Unknown
FORESTSANDRANGELANDS.GOV, Unknown
FORFEITURE.GOV, Unknown
FORMS.GOV, Unknown
FPC.GOV, Unknown
FPDS.GOV, Unknown
FPI.GOV, Unknown
FPISC.GOV, Unknown
FPKI-LAB.GOV, Unknown
FPKI.GOV, Unknown
FRAHO.GOV, Unknown
FRB.FED.US, Unknown
FRB.GOV, Unknown
FRC.GOV, Unknown
FRESHEMPIRE.GOV, Unknown
FRPG.GOV, Unknown
FRS.GOV, Unknown
FRTIB.GOV, Unknown
FRTIBTEST.GOV, Unknown
FRTR.GOV, Unknown
FRUITSANDVEGGIESMATTER.GOV, Unknown
FS.FED.US, Unknown
FSAFEDS.GOV, Unknown
FSD.GOV, Unknown
FSGB.GOV, Unknown
FSOC.GOV, x-generator: Drupal 8 (https://www.drupal.org)
FSRS.GOV, Unknown
FTC.GOV, Unknown
FTCCOMPLAINTASSISTANT.GOV, Unknown
FTCEFILE.GOV, Unknown
FUELECONOMY.GOV, Unknown
FVAP.GOV, Unknown
FWS.GOV, Unknown
G5.GOV, Unknown
G72020.GOV, Unknown
G7CAMPDAVID.GOV, Unknown
G7USA.GOV, Unknown
GCDAMP.GOV, Unknown
GCMRC.GOV, x-generator: Drupal 7 (http://drupal.org)
GENOME.GOV, X-Generator: Drupal 8 (https://www.drupal.org)
GEOMAC.GOV, Unknown
GEOPLATFORM.GOV, Unknown
GEORGEWBUSHLIBRARY.GOV, Unknown
GETSMARTABOUTDRUGS.GOV, x-generator: Drupal 7 (http://drupal.org)
GINNIEMAE.GOV, Unknown
GIRLSHEALTH.GOV, Unknown
GLNPO.GOV, Unknown
GLOBALCHANGE.GOV, x-generator: Drupal 7 (http://drupal.org)
GLOBALENTRY.GOV, Unknown
GLOBALHEALTH.GOV, x-generator: Drupal 8 (https://www.drupal.org)
GLOBE.GOV, Unknown
GOBIERNOUSA.GOV, Unknown
GODIRECT.GOV, Unknown
GOES-R.GOV, Unknown
GOLDWATERSCHOLARSHIP.GOV, Unknown
GOLEARN.GOV, Unknown
GOVERNMENTJOBS.GOV, Unknown
GOVLOANS.GOV, Unknown
GOVSALES.GOV, Unknown
GPS.GOV, Unknown
GRANTS.GOV, Unknown
GRANTSOLUTIONS.GOV, Unknown
GREATAGAIN.GOV, Unknown
GREENGOV.GOV, Unknown
GSA.GOV, Unknown
GSAADVANTAGE.GOV, Unknown
GSAAUCTIONS.GOV, Unknown
GSAIG.GOV, X-Generator: Drupal 7 (http://drupal.org)
GSATEST1.GOV, Unknown
GSATEST2.GOV, Unknown
GSAXCESS.GOV, Unknown
GUIDELINE.GOV, x-generator: Drupal 8 (https://www.drupal.org)
GUIDELINES.GOV, x-generator: Drupal 8 (https://www.drupal.org)
HANFORD.GOV, Unknown
HARP.GOV, Unknown
HC.GOV, Unknown
HEALTH.GOV, Unknown
HEALTHCARE.GOV, Unknown
HEALTHDATA.GOV, Unknown
HEALTHFINDER.GOV, Unknown
HEALTHINDICATORS.GOV, Unknown
HEALTHIT.GOV, X-Generator: Drupal 8 (https://www.drupal.org)
HEALTHYPEOPLE.GOV, Unknown
HEARTTRUTH.GOV, x-generator: Drupal 8 (https://www.drupal.org)
HELPAMERICAVOTE.GOV, X-Generator: Drupal 8 (https://www.drupal.org)
x-generator: Drupal 8 (https://www.drupal.org)
x-generator: Drupal 8 (https://www.drupal.org)
HELPWITHMYBANK.GOV, Unknown
HELPWITHMYCHECKINGACCOUNT.GOV, Unknown
HELPWITHMYCREDITCARD.GOV, Unknown
HELPWITHMYCREDITCARDBANK.GOV, Unknown
HELPWITHMYMORTGAGE.GOV, Unknown
HELPWITHMYMORTGAGEBANK.GOV, Unknown
HERITAGEABROAD.GOV, Unknown
HHS.GOV, x-generator: Drupal 7 (http://drupal.org)
HHSOIG.GOV, Unknown
HHSOPS.GOV, Unknown
HIG.GOV, Unknown
HIGHPERFORMANCEBUILDINGS.GOV, Unknown
HIREVETS.GOV, Unknown
HISTORY.GOV, Unknown
HIV.GOV, x-generator: Drupal 7 (http://drupal.org)
HOMEENERGYSCORE.GOV, Unknown
HOMELANDSECURITY.GOV, Unknown
HOMESALES.GOV, Unknown
HRSA.GOV, x-generator: Drupal 7 (https://www.drupal.org)
HSR.GOV, Unknown
HUD.GOV, Unknown
HUDOIG.GOV, x-generator: Drupal 8 (https://www.drupal.org)
HUDUSER.GOV, Unknown
HUMANITIES.GOV, Unknown
HURRICANES.GOV, Unknown
HYDROGEN.GOV, Unknown
IAD.GOV, Unknown
IAF.GOV, Unknown
IARPA-IDEAS.GOV, Unknown
IARPA.GOV, Unknown
IAT.GOV, Unknown
IAWG.GOV, Unknown
IBB.GOV, Unknown
IBWC.GOV, Unknown
IC.GOV, Unknown
IC3.GOV, Unknown
ICAMS-PORTAL.GOV, Unknown
ICBEMP.GOV, Unknown
ICE.GOV, x-generator: Drupal 9 (https://www.drupal.org)
ICH.GOV, Unknown
ICJOINTDUTY.GOV, Unknown
IDEALAB.GOV, x-generator: Drupal 7 (http://drupal.org)
IDENTITYSANDBOX.GOV, Unknown
IDENTITYTHEFT.GOV, Unknown
IDFC.GOV, x-generator: Drupal 8 (https://www.drupal.org)
IDMANAGEMENT.GOV, Unknown
IDTHEFT.GOV, Unknown
IEDISON.GOV, Unknown
IGNET.GOV, Unknown
IHS.GOV, Unknown
IMLS.GOV, X-Generator: Drupal 8 (https://www.drupal.org)
INDIANAFFAIRS.GOV, X-Generator: Drupal 7 (http://drupal.org)
INEL.GOV, Unknown
INFO.GOV, Unknown
INL.GOV, Unknown
INNOVATION.GOV, Unknown
INSUREKIDSNOW.GOV, x-generator: Drupal 8 (https://www.drupal.org)
INTEGRITY.GOV, Unknown
INTEL.GOV, Unknown
INTELINK.GOV, Unknown
INTELLIGENCE.GOV, Unknown
INTELLIGENCECAREERS.GOV, Unknown
INTERIOR.GOV, Unknown
INTERPOL.GOV, x-generator: Drupal 7 (http://drupal.org)
INVASIVESPECIES.GOV, Unknown
INVASIVESPECIESINFO.GOV, X-Generator: Drupal 7 (https://www.drupal.org)
INVESTOR.GOV, x-generator: Drupal 8 (https://www.drupal.org)
IOSS.GOV, Unknown
IPAC.GOV, Unknown
IPP.GOV, Unknown
IPRCENTER.GOV, Unknown
IRS.GOV, x-generator: Drupal 8 (https://www.drupal.org)
IRSAUCTIONS.GOV, Unknown
IRSNET.GOV, Unknown
IRSSALES.GOV, Unknown
IRSVIDEOS.GOV, Unknown
ISE.GOV, Unknown
ISOTOPE.GOV, Unknown
ISOTOPES.GOV, x-generator: Drupal 8 (https://www.drupal.org)
ISTAC.GOV, Unknown
ITAP.GOV, X-Generator: Drupal 7 (http://drupal.org)
ITC.GOV, Unknown
ITDASHBOARD.GOV, Unknown
ITIS.GOV, Unknown
ITRD.GOV, Unknown
ITS.GOV, Unknown
JAMESMADISON.GOV, X-Generator: Drupal 9 (https://www.drupal.org)
JCCBI.GOV, Unknown
JCCS.GOV, Unknown
JEM.GOV, Unknown
JFKLIBRARY.GOV, Unknown
JIMMYCARTERLIBRARY.GOV, Unknown
JOBCORPS.GOV, x-generator: Drupal 8 (https://www.drupal.org)
x-generator: Drupal 8 (https://www.drupal.org)
JOINAMERICORPS.GOV, x-generator: Drupal 8 (https://www.drupal.org)
JPO.GOV, Unknown
JUNIORFORESTRANGER.GOV, Unknown
JUSFC.GOV, Unknown
JUSTICE.GOV, x-generator: Drupal 7 (http://drupal.org)
JUSTTHINKTWICE.GOV, x-generator: Drupal 7 (https://www.drupal.org)
JUVENILECOUNCIL.GOV, x-generator: Drupal 8 (https://www.drupal.org)
JWOD.GOV, Unknown
KENNEDY-CENTER.GOV, Unknown
KIDS.GOV, Unknown
LABOR.GOV, Unknown
LACOAST.GOV, Unknown
LANDFIRE.GOV, Unknown
LANDIMAGING.GOV, x-generator: Drupal 7 (http://drupal.org)
LANL.GOV, Unknown
LBJLIBRARY.GOV, Unknown
LBL.GOV, Unknown
LCA.GOV, Unknown
LCACOMMONS.GOV, Unknown
LCRMSCP.GOV, Unknown
LEARNATF.GOV, Unknown
LEARNDOJ.GOV, x-generator: Drupal 7 (http://drupal.org)
LEO.GOV, Unknown
LEP.GOV, X-Generator: Drupal 8 (https://www.drupal.org)
LIFELINE.GOV, Unknown
LISTO.GOV, x-generator: Drupal 8 (https://www.drupal.org)
LLNL.GOV, x-generator: Drupal 9 (https://www.drupal.org)
LMVSCI.GOV, x-generator: Drupal 7 (http://drupal.org)
LOCATORPLUS.GOV, Unknown
LOGIN.GOV, Unknown
LONGTERMCARE.GOV, Unknown
LPS.GOV, Unknown
LSC.GOV, X-Generator: Drupal 7 (http://drupal.org)
LUCA-APPEALS.GOV, Unknown
MAIL.GOV, Unknown
MAKINGHOMEAFFORDABLE.GOV, x-generator: Drupal 8 (https://www.drupal.org)
MALWAREINVESTIGATOR.GOV, Unknown
MANUFACTURING.GOV, X-Generator: Drupal 8 (https://www.drupal.org)
MARINECADASTRE.GOV, Unknown
MAX.GOV, Unknown
MBDA.GOV, Unknown
MCC.GOV, Unknown
MCCTEST.GOV, Unknown
MEDALOFVALOR.GOV, Unknown
MEDICAID.GOV, x-generator: Drupal 8 (https://www.drupal.org)
MEDICALCOUNTERMEASURES.GOV, Unknown
MEDICARE.GOV, x-generator: Drupal 8 (https://www.drupal.org)
MEDLINEPLUS.GOV, Unknown
MENTALHEALTH.GOV, x-generator: Drupal 8 (https://www.drupal.org)
MENTOR.GOV, x-generator: Drupal 8 (https://www.drupal.org)
MESH.GOV, Unknown
MGI.GOV, Unknown
MHA.GOV, x-generator: Drupal 8 (https://www.drupal.org)
MILITARYAVIATIONSAFETY.GOV, Unknown
MILITARYCONSUMER.GOV, Unknown
MIMM.GOV, Unknown
MITIGATIONCOMMISSION.GOV, Unknown
MLKDAY.GOV, x-generator: Drupal 8 (https://www.drupal.org)
MMC.GOV, Unknown
MMS.GOV, Unknown
MOJAVEDATA.GOV, Unknown
MONEYFACTORY.GOV, Unknown
MONEYFACTORYSTORE.GOV, Unknown
MORTGAGETRANSLATIONS.GOV, Unknown
MRLC.GOV, Unknown
MSB.GOV, X-Generator: Drupal 8 (https://www.drupal.org)
MSHA.GOV, Unknown
MSPB.GOV, Unknown
MTBS.GOV, X-Generator: Drupal 8 (https://www.drupal.org)
MTMC.GOV, Unknown
MY2020CENSUS.GOV, Unknown
MYCREDITUNION.GOV, Unknown
MYFDIC.GOV, Unknown
MYIRA.GOV, Unknown
MYMEDICARE.GOV, Unknown
MYMONEY.GOV, Unknown
MYPAY.GOV, Unknown
MYPLATE.GOV, Unknown
MYRA.GOV, Unknown
MYUSPS.GOV, Unknown
NAFRI.GOV, X-Generator: Drupal 7 (http://drupal.org)
NAGB.GOV, Unknown
NAMUS.GOV, Unknown
NANO.GOV, X-Generator: Drupal 8 (https://www.drupal.org)
NARA.GOV, Unknown
NASA.GOV, Unknown
NATIONALBANK.GOV, Unknown
NATIONALBANKHELP.GOV, Unknown
NATIONALBANKNET.GOV, Unknown
NATIONALGANGCENTER.GOV, Unknown
NATIONALHOUSING.GOV, Unknown
NATIONALHOUSINGLOCATOR.GOV, Unknown
NATIONALMALL.GOV, Unknown
NATIONALMAP.GOV, Unknown
NATIONALRESOURCEDIRECTORY.GOV, Unknown
NATIONALSERVICE.GOV, x-generator: Drupal 8 (https://www.drupal.org)
NATIONSREPORTCARD.GOV, Unknown
NAVYCASH.GOV, Unknown
NBC.GOV, Unknown
NBIB.GOV, Unknown
NBRC.GOV, Unknown
NCCS.GOV, Unknown
NCD.GOV, Unknown
NCIFCRF.GOV, Unknown
NCIRC.GOV, Unknown
NCIX.GOV, Unknown
NCJRS.GOV, Unknown
NCPC.GOV, Unknown
NCRC.GOV, Unknown
NCSC.GOV, Unknown
NCTC.GOV, Unknown
NCUA.GOV, Unknown
NEA.GOV, x-generator: Drupal 8 (https://www.drupal.org)
NEGLECTEDDISEASES.GOV, Unknown
NEH.GOV, x-generator: Drupal 8 (https://www.drupal.org)
NEHRP.GOV, Unknown
NEMI.GOV, Unknown
NEPA.GOV, Unknown
NERSC.GOV, Unknown
NEUP.GOV, Unknown
NEWMONEY.GOV, Unknown
NFPORS.GOV, Unknown
NGA.GOV, Unknown
NHL.GOV, Unknown
NHTSA.GOV, x-generator: Drupal 7 (http://drupal.org)
NIC.GOV, Unknown
NICIC.GOV, X-Generator: Drupal 7 (http://drupal.org) + aGov (http://agov.com.au)
NICSEZCHECKFBI.GOV, Unknown
NIEM.GOV, x-generator: Drupal 8 (https://www.drupal.org)
NIFC.GOV, Unknown
NIGC.GOV, Unknown
NIH.GOV, X-Generator: Drupal 7 (http://drupal.org)
NIJ.GOV, x-generator: Drupal 8 (https://www.drupal.org)
x-generator: Drupal 8 (https://www.drupal.org)
NIOSH.GOV, Unknown
NIST.GOV, X-Generator: Drupal 8 (https://www.drupal.org)
NITRD.GOV, Unknown
NIXONLIBRARY.GOV, Unknown
NLM.GOV, Unknown
NLRB.GOV, Unknown
NLS.GOV, Unknown
NMB.GOV, Unknown
NMSC.GOV, Unknown
NMVTIS.GOV, x-generator: Drupal 8 (https://www.drupal.org)
x-generator: Drupal 8 (https://www.drupal.org)
NNLM.GOV, X-Generator: Drupal 7 (http://drupal.org)
NNSS.GOV, Unknown
NOAA.GOV, x-generator: Drupal 7 (http://drupal.org)
NPS.GOV, Unknown
NRC-GATEWAY.GOV, Unknown
NRC.GOV, Unknown
NRD.GOV, Unknown
NREL.GOV, Unknown
NRELHUB.GOV, Unknown
NRO.GOV, Unknown
NROJR.GOV, Unknown
NRPO.GOV, Unknown
NSA.GOV, Unknown
NSCAI.GOV, Unknown
NSEP.GOV, X-Generator: Drupal 7 (http://drupal.org)
NSF.GOV, Unknown
NSOPR.GOV, Unknown
NSOPW.GOV, Unknown
NTIA.GOV, X-Generator: Drupal 7 (http://drupal.org)
NTIS.GOV, Unknown
NTRC.GOV, Unknown
NTSB.GOV, Unknown
NUCLEAR.GOV, Unknown
NUTRITION.GOV, X-Generator: Drupal 8 (https://www.drupal.org)
NVTC.GOV, Unknown
NWBC.GOV, Unknown
NWCG.GOV, Unknown
NWIRP.GOV, Unknown
NWTRB.GOV, Unknown
OBAMALIBRARY.GOV, Unknown
OBAMAWHITEHOUSE.GOV, Unknown
OCC.GOV, Unknown
OCCHELPS.GOV, Unknown
OCCNET.GOV, Unknown
ODCI.GOV, Unknown
ODNI.GOV, Unknown
OEA.GOV, X-Generator: Drupal 8 (https://www.drupal.org)
OFCM.GOV, Unknown
OFDA.GOV, Unknown
OFIA.GOV, Unknown
OGE.GOV, Unknown
OJJDP.GOV, x-generator: Drupal 8 (https://www.drupal.org)
x-generator: Drupal 8 (https://www.drupal.org)
OJP.GOV, Unknown
OMB.GOV, Unknown
ONDCP.GOV, Unknown
ONGUARDONLINE.GOV, Unknown
ONHIR.GOV, Unknown
ONRR.GOV, Unknown
OPENINTERNET.GOV, Unknown
OPENSOURCE.GOV, Unknown
OPIC.GOV, Unknown
OPIOIDS.GOV, x-generator: Drupal 8 (https://www.drupal.org)
OPM.GOV, Unknown
OPPORTUNITYZONES.GOV, X-Generator: Drupal 7 (http://drupal.org)
ORAU.GOV, Unknown
ORGANDONOR.GOV, x-generator: Drupal 8 (https://www.drupal.org)
ORNL.GOV, x-generator: Drupal 8 (https://www.drupal.org)
OSAC.GOV, Unknown
OSC.GOV, Unknown
OSCNET.GOV, Unknown
OSDE.GOV, Unknown
OSDLS.GOV, Unknown
OSHA.GOV, Unknown
OSHRC.GOV, Unknown
OSIS.GOV, Unknown
OSM.GOV, Unknown
OSMRE.GOV, Unknown
OSTI.GOV, Unknown
OSTP.GOV, Unknown
OTS.GOV, Unknown
OURDOCUMENTS.GOV, Unknown
OVC.GOV, Unknown
OVCTTAC.GOV, Unknown
OVERSIGHT.GOV, Unknown
OWC.GOV, Unknown
PAC.GOV, Unknown
PANDEMICFLU.GOV, Unknown
PANDEMICOVERSIGHT.GOV, Unknown
PAPAHANAUMOKUAKEA.GOV, Unknown
PATRIOTBONDS.GOV, Unknown
PAY.GOV, Unknown
PAYMENTACCURACY.GOV, Unknown
PBGC.GOV, x-generator: Drupal 7 (https://www.drupal.org)
PBRB.GOV, Unknown
PCI.GOV, Unknown
PCLOB.GOV, Unknown
PEACECORPS.GOV, Unknown
PEACECORPSOIG.GOV, Unknown
PEPFAR.GOV, Unknown
PERFORMANCE.GOV, Unknown
PHE.GOV, Unknown
PIC.GOV, Unknown
PIEDRASBLANCAS.GOV, Unknown
PIF.GOV, Unknown
PITC.GOV, Unknown
PKI-LAB.GOV, Unknown
PKI.GOV, Unknown
PLAINLANGUAGE.GOV, Unknown
PMF.GOV, Unknown
PMI.GOV, Unknown
PNL.GOV, Unknown
PNNL.GOV, Unknown
POOLSAFELY.GOV, Unknown
POOLSAFETY.GOV, Unknown
POSTOFFICE.GOV, Unknown
PPIRS.GOV, Unknown
PPPL.GOV, Unknown
PPPO.GOV, Unknown
PRC.GOV, Unknown
PREGUNTELEAKAREN.GOV, x-generator: Drupal 8 (https://www.drupal.org)
x-generator: Drupal 8 (https://www.drupal.org)
PREPRODFAN.GOV, Unknown
PRESERVEAMERICA.GOV, x-generator: Drupal 8 (https://www.drupal.org)
PRESIDENTIALINNOVATIONFELLOWS.GOV, Unknown
PRESIDENTIALSERVICEAWARDS.GOV, Unknown
PRESIDIO.GOV, Unknown
PRESIDIOTRUST.GOV, Unknown
PRETRIALSERVICES.GOV, Unknown
PRIVACYSHIELD.GOV, Unknown
PROJECTSAFECHILDHOOD.GOV, x-generator: Drupal 7 (http://drupal.org)
PROJECTSAFENEIGHBORHOODS.GOV, x-generator: Drupal 7 (http://drupal.org)
PROMESA.GOV, Unknown
PROTECCIONDELCONSUMIDOR.GOV, Unknown
PROTECTYOURMOVE.GOV, Unknown
PSA.GOV, Unknown
PSC.GOV, Unknown
PSCR.GOV, X-Generator: Drupal 8 (https://www.drupal.org)
PSD.GOV, Unknown
PSOB.GOV, Unknown
PSUP.GOV, Unknown
PTF.GOV, Unknown
PTT.GOV, Unknown
PUBMED.GOV, Unknown
PUBSERVICES.GOV, Unknown
PURCHASING.GOV, Unknown
QART.GOV, Unknown
QATESTTWAI.GOV, Unknown
QUANTUM.GOV, Unknown
RCFL.GOV, Unknown
REACH.GOV, Unknown
READY.GOV, x-generator: Drupal 8 (https://www.drupal.org)
READYBUSINESS.GOV, x-generator: Drupal 8 (https://www.drupal.org)
REAGANLIBRARY.GOV, Unknown
REALESTATESALES.GOV, Unknown
REALPROPERTYPROFILE.GOV, Unknown
REC.GOV, Unknown
RECALLS.GOV, Unknown
RECORDSMANAGEMENT.GOV, Unknown
RECOVERYMONTH.GOV, x-generator: Drupal 8 (https://www.drupal.org)
RECREATION.GOV, Unknown
REENTRY.GOV, Unknown
REGINFO.GOV, Unknown
REGULATIONS.GOV, Unknown
RELOCATEFEDS.GOV, Unknown
REO.GOV, Unknown
REPORTBAND.GOV, Unknown
REPORTING.GOV, Unknown
RESEARCH.GOV, Unknown
RESTORETHEGULF.GOV, X-Generator: Drupal 7 (http://drupal.org)
RIVERS.GOV, Unknown
RL.GOV, Unknown
ROBODEIDENTIDAD.GOV, Unknown
ROCIS.GOV, Unknown
RPO.GOV, Unknown
RRB.GOV, X-Generator: Drupal 8 (https://www.drupal.org)
SAC.GOV, Unknown
SAFECAR.GOV, Unknown
SAFECOM.GOV, Unknown
SAFEOCS.GOV, Unknown
SAFERCAR.GOV, Unknown
SAFERPRODUCT.GOV, Unknown
SAFERPRODUCTS.GOV, Unknown
SAFERTRUCK.GOV, Unknown
SAFETYACT.GOV, Unknown
SAFETYVIDEOS.GOV, Unknown
SALMONRECOVERY.GOV, Unknown
SAM.GOV, Unknown
SAMHSA.GOV, x-generator: Drupal 8 (https://www.drupal.org)
SANDIA.GOV, Unknown
SAVINGSBOND.GOV, Unknown
SAVINGSBONDS.GOV, Unknown
SAVINGSBONDWIZARD.GOV, Unknown
SBA.GOV, Unknown
SBIR.GOV, Unknown
SBST.GOV, Unknown
SCHOOLSAFETY.GOV, x-generator: Drupal 8 (https://www.drupal.org)
SCIDAC.GOV, Unknown
SCIENCE.GOV, Unknown
SCIENCEBASE.GOV, Unknown
SCIJINKS.GOV, Unknown
SCRA.GOV, x-generator: Drupal 7 (http://drupal.org)
SDR.GOV, Unknown
SEARCH.GOV, Unknown
SEC.GOV, X-Generator: Drupal 8 (https://www.drupal.org)
SECRETSERVICE.GOV, x-generator: Drupal 9 (https://www.drupal.org)
SECTION508.GOV, X-Generator: Drupal 7 (https://www.drupal.org)
SECURITYTESTFAN.GOV, Unknown
SEGURIDADCONSUMIDOR.GOV, x-generator: Drupal 7 (https://www.drupal.org)
SEGUROSOCIAL.GOV, Unknown
SELECTAGENTS.GOV, Unknown
SELECTUSA.GOV, Unknown
SENTINEL.GOV, Unknown
SERVE.GOV, x-generator: Drupal 8 (https://www.drupal.org)
SERVICEMEMBERS.GOV, Unknown
SFTOOL.GOV, Unknown
SHARETHEROADSAFELY.GOV, Unknown
SIERRAWILD.GOV, Unknown
SIGPR.GOV, x-generator: Drupal 8 (https://www.drupal.org)
SIGTARP.GOV, x-generator: Drupal 8 (https://www.drupal.org)
SIMPLEREPORT.GOV, Unknown
SITEIDIQ.GOV, Unknown
SJI.GOV, Unknown
SLGS.GOV, Unknown
SMART.GOV, Unknown
SMARTCHECK.GOV, X-Generator: Drupal 8 (https://www.drupal.org)
X-Generator: Drupal 8 (https://www.drupal.org)
SMARTGRID.GOV, Unknown
SMOKEFREE.GOV, X-Generator: Drupal 8 (https://www.drupal.org)
SMOKEYBEAR.GOV, Unknown
SNS.GOV, X-Generator: Drupal 7 (http://drupal.org)
SOCIALSECURITY.GOV, Unknown
SOLARDECATHLON.GOV, Unknown
SPACEWEATHER.GOV, x-generator: Drupal 7 (http://drupal.org)
SPECTRUM.GOV, X-Generator: Drupal 7 (http://drupal.org)
SRS.GOV, Unknown
SSA.GOV, Unknown
SSAB.GOV, Unknown
SSS.GOV, Unknown
STANDARDS.GOV, Unknown
STATE.GOV, Unknown
STATEOIG.GOV, Unknown
STB.GOV, Unknown
STOPALCOHOLABUSE.GOV, Unknown
STOPBULLYING.GOV, x-generator: Drupal 8 (https://www.drupal.org)
STOPFAKES.GOV, Unknown
STOPFRAUD.GOV, Unknown
STUDENTAID.GOV, Unknown
STUDENTLOANS.GOV, Unknown
SUPPORTFAN.GOV, Unknown
SURGEONGENERAL.GOV, x-generator: Drupal 8 (https://www.drupal.org)
SUSTAINABILITY.GOV, Unknown
SWORM.GOV, Unknown
SWPA.GOV, Unknown
SYMBOLS.GOV, Unknown
TAAPS.GOV, Unknown
TAK.GOV, Unknown
TAX.GOV, Unknown
TCIS.GOV, Unknown
TELEWORK.GOV, Unknown
THEREALCOST.GOV, X-Generator: Drupal 8 (https://www.drupal.org)
THISFREELIFE.GOV, X-Generator: Drupal 8 (https://www.drupal.org)
TIGTA.GOV, Unknown
TIGTANET.GOV, Unknown
TIME.GOV, Unknown
TOBACCO.GOV, x-generator: Drupal 8 (https://www.drupal.org)
TOX21.GOV, Unknown
TRADE.GOV, Unknown
TRAFFICSAFETYMARKETING.GOV, x-generator: Drupal 8 (https://www.drupal.org)
TRAININGPROVIDERRESULTS.GOV, Unknown
TRANSPARENCY.GOV, Unknown
TRANSPORTATION.GOV, x-generator: Drupal 8 (https://www.drupal.org)
TREAS.GOV, x-generator: Drupal 8 (https://www.drupal.org)
TREASLOCKBOX.GOV, Unknown
TREASURY.FED.US, Unknown
TREASURY.GOV, x-generator: Drupal 8 (https://www.drupal.org)
TREASURYAUCTION.GOV, Unknown
TREASURYAUCTIONS.GOV, Unknown
TREASURYDIRECT.GOV, Unknown
TREASURYECM.GOV, Unknown
TREASURYHUNT.GOV, Unknown
TREASURYSCAMS.GOV, Unknown
TRIBALJUSTICEANDSAFETY.GOV, x-generator: Drupal 7 (http://drupal.org)
TRUMAN.GOV, x-generator: Drupal 7 (http://drupal.org)
TRUMANLIBRARY.GOV, Unknown
TRUMPLIBRARY.GOV, Unknown
TRUMPWHITEHOUSE.GOV, Unknown
TSA.GOV, x-generator: Drupal 9 (https://www.drupal.org)
TSC.GOV, Unknown
TSP.GOV, Unknown
TSPTEST.GOV, Unknown
TSUNAMI.GOV, Unknown
TSWG.GOV, Unknown
TTB.GOV, Unknown
TTBONLINE.GOV, Unknown
TTIC.GOV, Unknown
TTLPLUS.GOV, Unknown
TVA.GOV, Unknown
TVAOIG.GOV, Unknown
TWAI.GOV, Unknown
UCE.GOV, Unknown
UCIA.GOV, Unknown
UCRDATATOOL.GOV, Unknown
UDALL.GOV, Unknown
UGOV.GOV, Unknown
UNICOR.GOV, Unknown
UNIONREPORTS.GOV, Unknown
UNLOCKTALENT.GOV, Unknown
UNNPP.GOV, Unknown
UNRPNET.GOV, Unknown
URBANWATERS.GOV, Unknown
US-CERT.GOV, x-generator: Drupal 9 (https://www.drupal.org)
US.GOV, Unknown
USA.GOV, Unknown
USABILITY.GOV, Unknown
USADF.GOV, X-Generator: Drupal 8 (https://www.drupal.org)
USAGM.GOV, Unknown
USAGOV.GOV, Unknown
USAID.GOV, Unknown
USAJOBS.GOV, Unknown
USALEARNING.GOV, Unknown
USANDC.GOV, Unknown
USAP.GOV, Unknown
USASEANCONNECT.GOV, Unknown
USASPENDING.GOV, Unknown
USASTAFFING.GOV, Unknown
USBM.GOV, Unknown
USBR.GOV, Unknown
USCCR.GOV, Unknown
USCG.GOV, Unknown
USCIRF.GOV, x-generator: Drupal 8 (https://www.drupal.org)
USCIS.GOV, x-generator: Drupal 8 (https://www.drupal.org)
USCONSULATE.GOV, Unknown
USCURRENCY.GOV, Unknown
USDA.GOV, Unknown
USDAPII.GOV, Unknown
USDEBITCARD.GOV, Unknown
USDFC.GOV, x-generator: Drupal 8 (https://www.drupal.org)
USDIGITALSERVICE.GOV, Unknown
USDOJ.GOV, x-generator: Drupal 7 (http://drupal.org)
USDOSCLOUD.GOV, Unknown
USDS.GOV, Unknown
USEMBASSY.GOV, Unknown
USERRA.GOV, x-generator: Drupal 7 (http://drupal.org)
USGCRP.GOV, x-generator: Drupal 7 (http://drupal.org)
USGEO.GOV, Unknown
USGS.GOV, x-generator: Drupal 7 (http://drupal.org)
USHMM.GOV, Unknown
USICECENTER.GOV, Unknown
USICH.GOV, Unknown
USIDFC.GOV, x-generator: Drupal 8 (https://www.drupal.org)
USIP.GOV, x-generator: Drupal 8 (https://www.drupal.org)
USITC.GOV, Unknown
USITCOIG.GOV, Unknown
USMARSHALS.GOV, Unknown
USMINT.GOV, Unknown
USMISSION.GOV, Unknown
USPHS.GOV, Unknown
USPIS.GOV, Unknown
USPS.GOV, Unknown
USPSINFORMEDDELIVERY.GOV, Unknown
USPSINNOVATES.GOV, Unknown
USPSOIG.GOV, Unknown
USPTO.GOV, Unknown
USSM.GOV, Unknown
USSS.GOV, x-generator: Drupal 9 (https://www.drupal.org)
USTDA.GOV, Unknown
USTR.GOV, x-generator: Drupal 8 (https://www.drupal.org)
USTREAS.GOV, x-generator: Drupal 8 (https://www.drupal.org)
UTAHFIREINFO.GOV, Unknown
VA.GOV, Unknown
VACCINES.GOV, x-generator: Drupal 8 (https://www.drupal.org)
VCF.GOV, Unknown
VEHICLEHISTORY.GOV, x-generator: Drupal 8 (https://www.drupal.org)
x-generator: Drupal 8 (https://www.drupal.org)
VETERANS.GOV, Unknown
VETS.GOV, Unknown
VISTACAMPUS.GOV, x-generator: Drupal 7 (https://www.drupal.org)
VOA.GOV, x-generator: Drupal 8 (https://www.drupal.org)
VOLCANO.GOV, Unknown
VOLUNTEER.GOV, Unknown
VOLUNTEERINGINAMERICA.GOV, x-generator: Drupal 7 (https://www.drupal.org)
VOTE.GOV, Unknown
VOTEBYMAIL.GOV, X-Generator: Drupal 8 (https://www.drupal.org)
x-generator: Drupal 8 (https://www.drupal.org)
x-generator: Drupal 8 (https://www.drupal.org)
x-generator: Drupal 8 (https://www.drupal.org)
WAPA.GOV, Unknown
WARTIMECONTRACTING.GOV, Unknown
WATERMONITOR.GOV, Unknown
WDOL.GOV, Unknown
WEATHER.GOV, Unknown
WEBHARVEST.GOV, Unknown
WGDP.GOV, Unknown
WH.GOV, Unknown
WHAGING.GOV, Unknown
WHISTLEBLOWER.GOV, x-generator: Drupal 8 (https://www.drupal.org)
WHISTLEBLOWERS.GOV, Unknown
WHITEHOUSE.GOV, Unknown
WHITEHOUSECONFERENCEONAGING.GOV, Unknown
WHITEHOUSEDRUGPOLICY.GOV, Unknown
WILDFIRE.GOV, Unknown
WIZARD.GOV, Unknown
WLCI.GOV, Unknown
WOMENSHEALTH.GOV, x-generator: Drupal 7 (https://www.drupal.org)
WOODSY.GOV, Unknown
WOODSYOWL.GOV, Unknown
WORKER.GOV, Unknown
WORKPLACE.GOV, Unknown
WORLDWAR1CENTENNIAL.GOV, Unknown
WRP.GOV, Unknown
XD.GOV, Unknown
YMP.GOV, Unknown
YOUTH.GOV, X-Generator: Drupal 7 (http://drupal.org)
YOUTHRULES.GOV, Unknown
